disease_id,data
MONDO:0009655,"{""org_id"": ""ORG:AIMPS_ETS"", ""disease_id"": ""MONDO:0009655"", ""to"": ""info@aimps.it"", ""recipient_reason"": ""patient group linked to this disease (studies edge) with a general contact email"", ""subject"": ""Exploring collaboration between our MPS IIIA patient communities"", ""body"": ""Dear AIMPS ETS team,\n\nMy name is Maria, and I lead a patient group supporting families affected by MPS IIIA (Sanfilippo syndrome type A). I am writing to introduce our group and to explore whether there might be an opportunity to work together.\n\nAIMPS ETS was founded in 1991 to support children and adult patients affected by rare genetic metabolic diseases, including MPS IIIA, which often lead to severe disability [E080e178].\n\nSince our two groups both support families living with MPS IIIA, I believe there could be real value in connecting, whether to share experiences, exchange resources, or simply learn from one another's approaches to supporting patients and families.\n\nAs a modest first step, would you be open to a short introductory call in the coming weeks to discuss our respective work and see where common ground might exist?\n\nThank you very much for considering this. I look forward to hearing from you.\n\nWarm regards,\nMaria\nPatient group leader\n\nSources:\n[E080e178] https://www.aimps.it/chi-siamo/"", ""citations"": [""E080e178""], ""warnings"": [""Draft only: review and edit before sending; nothing is sent automatically.""], ""requires_human_review"": true}"
MONDO:0009656,"{""org_id"": ""ORG:AIMPS_ETS"", ""disease_id"": ""MONDO:0009656"", ""to"": ""info@aimps.it"", ""recipient_reason"": ""patient group linked to this disease (studies edge) with a general contact email"", ""subject"": ""Introduction and Possible Collaboration Between Our Patient Groups"", ""body"": ""Dear AIMPS ETS team,\n\nMy name is Maria, and I lead a patient group supporting families affected by MPS IIIB (Sanfilippo syndrome type B). I am writing to introduce myself and explore a possible connection with your organisation.\n\nI understand that AIMPS ETS was founded in 1991 to support children and adult patients affected by these rare genetic metabolic diseases, which often lead to severe disability [E994105e]. MPS IIIB is caused by deficiency of the lysosomal enzyme alpha-N-acetylglucosaminidase (NAGLU), leading to accumulation of heparan sulfate within lysosomes [Eac469c9][E4da5d49]. Given that your organisation's work spans this same disease area, I believe there may be valuable common ground between our communities, particularly around shared experiences of caring for families with these conditions.\n\nI would be glad to arrange a short call, at your convenience, simply to learn more about your work and see whether there might be opportunities for our groups to share information or support one another going forward.\n\nThank you for considering this, and I look forward to hearing from you.\n\nWarm regards,\nMaria\nPatient Group Leader (MPS IIIB)\n\nSources:\n[E994105e] https://www.aimps.it/chi-siamo/\n[Eac469c9] https://pubmed.ncbi.nlm.nih.gov/16151907/\n[E4da5d49] https://pubmed.ncbi.nlm.nih.gov/21408219/"", ""citations"": [""E994105e"", ""Eac469c9"", ""E4da5d49""], ""warnings"": [""Draft only: review and edit before sending; nothing is sent automatically.""], ""requires_human_review"": true}"
MONDO:0009657,"{""org_id"": ""ORG:AIMPS_ETS"", ""disease_id"": ""MONDO:0009657"", ""to"": ""info@aimps.it"", ""recipient_reason"": ""patient group linked to this disease (studies edge) with a general contact email"", ""subject"": ""Connecting on MPS IIIC – potential collaboration"", ""body"": ""Dear AIMPS ETS Team,\n\nMy name is Maria, and I lead a patient group for families affected by Mucopolysaccharidosis type IIIC (MPS IIIC).\n\nA paper reports that AIMPS ETS was founded in 1991 to support children and adult patients affected by rare genetic metabolic diseases, including MPS IIIC, which often lead to severe disability [E30302cc]. A paper reports that MPS IIIC is caused by a deficiency of the lysosomal enzyme HGSNAT, resulting in storage of heparan sulfate in cells [E108a4c3][E7373ae4]. Since your organisation's founding mission already encompasses support for families living with MPS IIIC, I believe our groups may have complementary experience and contacts that could be valuable to share.\n\nI would be glad to introduce our group more fully and hear about your current activities related to MPS IIIC. Would you be open to a short introductory call in the coming weeks to explore whether there are simple ways we could support one another?\n\nThank you for considering this, and for the work your organisation does for affected families.\n\nWarm regards,\nMaria\nPatient Group Leader (MPS IIIC)\n\nSources:\n[E30302cc] https://www.aimps.it/chi-siamo/\n[E108a4c3] https://pubmed.ncbi.nlm.nih.gov/19479962/\n[E7373ae4] https://pubmed.ncbi.nlm.nih.gov/19479962/"", ""citations"": [""E30302cc"", ""E108a4c3"", ""E7373ae4""], ""warnings"": [""Draft only: review and edit before sending; nothing is sent automatically.""], ""requires_human_review"": true}"
MONDO:0009658,"{""org_id"": ""ORG:AIMPS_ETS"", ""disease_id"": ""MONDO:0009658"", ""to"": ""info@aimps.it"", ""recipient_reason"": ""patient group linked to this disease (studies edge) with a general contact email"", ""subject"": ""Proposal to connect - MPS IIID patient group collaboration"", ""body"": ""Dear AIMPS ETS,\n\nMy name is Maria, and I lead a patient group for MPS IIID. I'm writing to introduce myself and explore whether we might collaborate.\n\nA paper reports that AIMPS ETS was founded in 1991 to support children and adult patients affected by these rare genetic metabolic diseases, which often lead to severe disability [Ea6b3adc]. The same source indicates your organisation supports families affected by MPS IIIA, MPS IIIB, MPS IIIC, MPS I, and MPS II as well [E080e178][E994105e][E30302cc][E68fcb3d][Ebb059e1].\n\nMPS IIID shares a closely related biological mechanism with these conditions: a paper reports that MPS IIID is caused by deficiency of the lysosomal enzyme N-acetylglucosamine 6-sulfatase, leading to accumulation of heparan sulfate [E9f300a9][Ef8f5811]. Similarly, a paper reports that MPS IIIA results from a deficient lysosomal enzyme causing defective degradation and storage of heparan sulfate [Ec586fdd][E8282821]. Given this overlap, I believe our communities could learn from each other's experience.\n\nWould you be open to a short call in the coming weeks to share how our groups work and see where we might support one another?\n\nThank you for your time.\n\nWarm regards,\nMaria\nPatient group leader, MPS IIID patient group\n\nSources:\n[Ea6b3adc] https://www.aimps.it/chi-siamo/\n[E080e178] https://www.aimps.it/chi-siamo/\n[E994105e] https://www.aimps.it/chi-siamo/\n[E30302cc] https://www.aimps.it/chi-siamo/\n[E68fcb3d] https://www.aimps.it/chi-siamo/\n[Ebb059e1] https://www.aimps.it/chi-siamo/\n[E9f300a9] https://pubmed.ncbi.nlm.nih.gov/11243730/\n[Ef8f5811] https://pubmed.ncbi.nlm.nih.gov/11243730/\n[Ec586fdd] https://pubmed.ncbi.nlm.nih.gov/10601282/\n[E8282821] https://pubmed.ncbi.nlm.nih.gov/10601282/"", ""citations"": [""Ea6b3adc"", ""E080e178"", ""E994105e"", ""E30302cc"", ""E68fcb3d"", ""Ebb059e1"", ""E9f300a9"", ""Ef8f5811"", ""Ec586fdd"", ""E8282821""], ""warnings"": [""Draft only: review and edit before sending; nothing is sent automatically.""], ""requires_human_review"": true}"
MONDO:0011758,"{""org_id"": ""ORG:AIMPS_ETS"", ""disease_id"": ""MONDO:0011758"", ""to"": ""info@aimps.it"", ""recipient_reason"": ""patient group linked to this disease (studies edge) with a general contact email"", ""subject"": ""Introduction and possible collaboration between our MPS patient groups"", ""body"": ""Dear AIMPS ETS,\n\nI am Maria, a parent leading a patient group supporting families affected by MPS I (Hurler). I am writing to introduce our group and to explore whether a collaboration might be possible.\n\nA paper reports that AIMPS ETS was founded in 1991 to support children and adult patients affected by these rare genetic metabolic diseases, which often lead to severe disability [E68fcb3d]. Your organisation's work spans MPS I (Hurler) as well as related conditions, including MPS II (Hunter), MPS IIIA, MPS IIIB, MPS IIIC and MPS IIID [E68fcb3d][Ebb059e1][E080e178][E994105e][E30302cc][Ea6b3adc].\n\nA paper reports that MPS I (Hurler) is caused by deficiency of the enzyme alpha-L-iduronidase, leading to storage of dermatan and heparan sulfate [Ef4f70c3]. A paper reports that MPS II (Hunter), one of the conditions your organisation also supports, likewise involves accumulation of dermatan and heparan sulfate due to a different enzyme deficiency [E385b672]. Given these shared storage mechanisms across the MPS family, I believe our communities face many overlapping challenges and could learn from one another.\n\nWould you be open to a short introductory call, perhaps 20-30 minutes, to share experiences and discuss how our groups might support each other going forward?\n\nThank you for your time, and I look forward to hearing from you.\n\nWarm regards,\nMaria\nPatient group leader\n\nSources:\n[E68fcb3d] https://www.aimps.it/chi-siamo/\n[Ebb059e1] https://www.aimps.it/chi-siamo/\n[E080e178] https://www.aimps.it/chi-siamo/\n[E994105e] https://www.aimps.it/chi-siamo/\n[E30302cc] https://www.aimps.it/chi-siamo/\n[Ea6b3adc] https://www.aimps.it/chi-siamo/\n[Ef4f70c3] https://pubmed.ncbi.nlm.nih.gov/32188113/\n[E385b672] https://pubmed.ncbi.nlm.nih.gov/25345092/"", ""citations"": [""E68fcb3d"", ""Ebb059e1"", ""E080e178"", ""E994105e"", ""E30302cc"", ""Ea6b3adc"", ""Ef4f70c3"", ""E385b672""], ""warnings"": [""Draft only: review and edit before sending; nothing is sent automatically.""], ""requires_human_review"": true}"
MONDO:0010674,"{""org_id"": ""ORG:AIMPS_ETS"", ""disease_id"": ""MONDO:0010674"", ""to"": ""info@aimps.it"", ""recipient_reason"": ""patient group linked to this disease (studies edge) with a general contact email"", ""subject"": ""Introduction and possible collaboration between our MPS patient groups"", ""body"": ""Dear AIMPS ETS team,\n\nMy name is Maria, and I lead a patient group for MPS II (Hunter syndrome). I am reaching out to introduce our group and explore a possible collaboration.\n\nA paper reports that AIMPS ETS was founded in 1991 to support children and adult patients affected by rare genetic metabolic diseases that often cause serious disability, and lists MPS II among the conditions it serves [Ebb059e1]. The same source also lists MPS I (Hurler) [E68fcb3d] and the MPS III subtypes IIIA, IIIB, IIIC and IIID [E080e178][E994105e][E30302cc][Ea6b3adc] among the diseases AIMPS ETS supports. Papers report that MPS II and MPS I share overlapping biology, including storage of dermatan sulfate [E385b672][Ef4f70c3] and heparan sulfate [E1f3fa46][Ea90608d], arising from lysosomal enzyme deficiency [Ef5d5a50][E834d07e]. Given this shared underlying biology across the MPS family, I think our two groups could usefully exchange experience.\n\nWould you be open to a brief introductory call in the coming weeks to discuss how our communities support families and where we might collaborate?\n\nThank you for your time, and I look forward to your reply.\n\nWarm regards,\nMaria\nPatient group leader, MPS II (Hunter) patient group\n\nSources:\n[Ebb059e1] https://www.aimps.it/chi-siamo/\n[E68fcb3d] https://www.aimps.it/chi-siamo/\n[E080e178] https://www.aimps.it/chi-siamo/\n[E994105e] https://www.aimps.it/chi-siamo/\n[E30302cc] https://www.aimps.it/chi-siamo/\n[Ea6b3adc] https://www.aimps.it/chi-siamo/\n[E385b672] https://pubmed.ncbi.nlm.nih.gov/25345092/\n[Ef4f70c3] https://pubmed.ncbi.nlm.nih.gov/32188113/\n[E1f3fa46] https://pubmed.ncbi.nlm.nih.gov/25345092/\n[Ea90608d] https://pubmed.ncbi.nlm.nih.gov/32188113/\n[Ef5d5a50] https://pubmed.ncbi.nlm.nih.gov/39617925/\n[E834d07e] https://pubmed.ncbi.nlm.nih.gov/32188113/"", ""citations"": [""Ebb059e1"", ""E68fcb3d"", ""E080e178"", ""E994105e"", ""E30302cc"", ""Ea6b3adc"", ""E385b672"", ""Ef4f70c3"", ""E1f3fa46"", ""Ea90608d"", ""Ef5d5a50"", ""E834d07e""], ""warnings"": [""Draft only: review and edit before sending; nothing is sent automatically.""], ""requires_human_review"": true}"
MONDO:0017694,"{""org_id"": ""ORG:Acid_Maltase_Deficiency_Association"", ""disease_id"": ""MONDO:0017694"", ""to"": ""info@amda-pompe.org"", ""recipient_reason"": ""patient group linked to this disease (studies edge) with a general contact email"", ""subject"": ""Connecting two Pompe disease patient communities"", ""body"": ""Dear colleagues at the Acid Maltase Deficiency Association,\n\nMy name is Maria, and I lead a patient group for Pompe disease (glycogen storage disease II). I'm reaching out because our communities share the same focus.\n\nA paper reports that the Acid Maltase Deficiency Association was established in 1995 as a 501(c)(3) nonprofit to help fund research and promote public awareness of Pompe disease [E516c908]. A paper also reports that your organization runs a Patient Registry [E3fa57b9], and that this registry studies Pompe disease [Ec799c2f]. Given our shared focus on this condition and the overlap in the people we support, I believe there could be valuable ways for our groups to learn from one another, whether around patient engagement, registry experience, or awareness efforts.\n\nWould you be open to a brief introductory call, perhaps 20-30 minutes, to share what each of our organizations is working on and explore whether there are natural areas for collaboration? I'd be glad to work around your schedule.\n\nThank you for considering this, and for the work your organization has done on behalf of the Pompe community.\n\nWarm regards,\nMaria\nPatient Group Leader (Pompe)\n\nSources:\n[E516c908] https://amda-pompe.org/about-us/\n[E3fa57b9] https://amda-pompe.org/about-us/\n[Ec799c2f] https://amda-pompe.org/about-us/"", ""citations"": [""E516c908"", ""E3fa57b9"", ""Ec799c2f""], ""warnings"": [""Draft only: review and edit before sending; nothing is sent automatically.""], ""requires_human_review"": true}"
MONDO:0009265,"{""org_id"": ""ORG:Asociación_MPS_LISOSOMALES_España"", ""disease_id"": ""MONDO:0009265"", ""to"": ""info@mpslisosomales.org"", ""recipient_reason"": ""patient group linked to this disease (studies edge) with a general contact email"", ""subject"": ""Proposing a connection between our lysosomal disease patient communities"", ""body"": ""Dear colleagues at Asociación MPS-LISOSOMALES España,\n\nMy name is Maria, and I lead a patient group supporting families affected by Gaucher disease.\n\nI understand that your association works to raise awareness of lysosomal diseases such as Mucopolysaccharidosis, Fabry disease and Gaucher disease [Ed1d0a38][Ef06dde0].\n\nA paper reports that Gaucher disease is caused by deficiency of the enzyme glucocerebrosidase, required for the degradation of glycosphingolipids [Ec8d1187]. A paper reports that Fabry disease results from deficient activity of the enzyme alpha-galactosidase A and progressive lysosomal deposition of globotriaosylceramide in cells throughout the body [E871c351]. Because both diseases share this pattern of lysosomal enzyme deficiency and glycosphingolipid storage, I believe there may be useful common ground between our communities, both on the Gaucher side you already support and on the broader lysosomal disease experience your association covers.\n\nWould you be open to a short introductory call in the coming weeks to explore whether there are ways our groups could learn from and support one another?\n\nThank you for considering this, and I look forward to hearing from you.\n\nWarm regards,\nMaria\nPatient group leader (Gaucher)\n\nSources:\n[Ed1d0a38] https://mpslisosomales.org/\n[Ef06dde0] https://mpslisosomales.org/\n[Ec8d1187] https://pubmed.ncbi.nlm.nih.gov/24588457/\n[E871c351] https://pubmed.ncbi.nlm.nih.gov/23931807/"", ""citations"": [""Ed1d0a38"", ""Ef06dde0"", ""Ec8d1187"", ""E871c351""], ""warnings"": [""Draft only: review and edit before sending; nothing is sent automatically.""], ""requires_human_review"": true}"
MONDO:0010526,"{""org_id"": ""ORG:Fabry_Support_Information_Group"", ""disease_id"": ""MONDO:0010526"", ""to"": ""info@fabry.org"", ""recipient_reason"": ""patient group linked to this disease (studies edge) with a general contact email"", ""subject"": ""Connecting our Fabry patient communities"", ""body"": ""Dear colleagues at Fabry Support & Information Group,\n\nMy name is Maria, and I lead a patient group supporting families affected by Fabry disease. I'm reaching out because your organization is dedicated to providing resources and community for individuals affected by Fabry disease [E245eca1], and you work alongside other groups as part of the Fabry International Network [Edcdc139].\n\nGiven that our groups share a focus on Fabry disease, I believe there could be real value in comparing notes on how we each support our communities and identifying areas where we might collaborate or share resources.\n\nWould you be open to a brief call in the coming weeks to introduce our organizations and explore whether there are natural ways to work together? I'd be happy to work around your schedule.\n\nThank you for considering this, and for the work you do for the Fabry community.\n\nWarm regards,\nMaria\nPatient Group Leader\n\nSources:\n[E245eca1] https://www.fabry.org/\n[Edcdc139] https://fabryintnetwork.com/members"", ""citations"": [""E245eca1"", ""Edcdc139""], ""warnings"": [""Draft only: review and edit before sending; nothing is sent automatically.""], ""requires_human_review"": true}"
MONDO:0009499,"{""org_id"": ""ORG:Krabbe_UK"", ""disease_id"": ""MONDO:0009499"", ""to"": ""contactus@krabbeuk.org"", ""recipient_reason"": ""patient group linked to this disease (studies edge) with a general contact email"", ""subject"": ""Connecting two Krabbe-focused patient communities"", ""body"": ""Dear Krabbe UK team,\n\nMy name is Maria, and I lead a patient group supporting families affected by Krabbe disease. I'm reaching out because I believe our communities share a common focus.\n\nGiven that our organisations both work closely with families navigating this same rare condition, I thought it could be valuable for us to connect and learn more about each other's work.\n\nWould you be open to a brief introductory call in the coming weeks? Nothing formal at this stage—just an opportunity to share experiences and explore whether there might be useful ways to support one another going forward.\n\nThank you for the work you do for families affected by Krabbe. I look forward to hearing from you.\n\nWarm regards,\nMaria\nPatient Group Leader"", ""citations"": [], ""warnings"": [""Draft only: review and edit before sending; nothing is sent automatically.""], ""requires_human_review"": true}"
MONDO:0009591,"{""org_id"": ""ORG:Krabbe_UK"", ""disease_id"": ""MONDO:0009591"", ""to"": ""contactus@krabbeuk.org"", ""recipient_reason"": ""patient group of the most similar disease with a contact email (a related community)"", ""subject"": ""Proposing a connection between MLD and Krabbe patient communities"", ""body"": ""Dear Krabbe UK team,\n\nMy name is Maria, and I lead a patient group supporting families affected by Metachromatic leukodystrophy (MLD). I'm reaching out because Krabbe UK is a charity registered in the UK supporting families affected by Krabbe Leukodystrophy [Ed349bff].\n\nA paper reports that MLD is a lysosomal storage disorder in which deficient arylsulfatase A activity leads to sulfatide accumulation and demyelination [Ef63ba6a]. A paper reports that Krabbe disease similarly results from a deficiency in the lysosomal enzyme galactocerebrosidase [E050a41e]. A paper also reports that Krabbe disease is characterized by loss and disorganization of myelin [E8b1c4df]. Given these shared features between our two conditions, we believe there may be value for our patient communities in learning from one another, even though Krabbe UK's focus is Krabbe rather than MLD.\n\nWould Krabbe UK be open to a short introductory call to explore whether there are useful ways our two groups could connect or share experiences?\n\nThank you for considering this, and I look forward to hearing from you.\n\nWarm regards,\nMaria\nPatient group leader, MLD patient group\n\nSources:\n[Ed349bff] https://www.krabbeuk.org/\n[Ef63ba6a] https://pubmed.ncbi.nlm.nih.gov/31684987/\n[E050a41e] https://pubmed.ncbi.nlm.nih.gov/27491217/\n[E8b1c4df] https://pubmed.ncbi.nlm.nih.gov/27491217/"", ""citations"": [""Ed349bff"", ""Ef63ba6a"", ""E050a41e"", ""E8b1c4df""], ""warnings"": [""Draft only: review and edit before sending; nothing is sent automatically.""], ""requires_human_review"": true}"
MONDO:0010100,"{""org_id"": ""ORG:National_Tay_Sachs_Allied_Diseases_Assoc"", ""disease_id"": ""MONDO:0010100"", ""to"": ""info@ntsad.org"", ""recipient_reason"": ""patient group linked to this disease (studies edge) with a general contact email"", ""subject"": ""Exploring Collaboration Between Our Tay-Sachs Patient Communities"", ""body"": ""Dear NTSAD team,\n\nMy name is Maria, and I lead a patient group for Tay-Sachs disease. I'm writing to introduce our work and explore whether there might be an opportunity to collaborate.\n\nI understand that NTSAD leads work to treat and cure Tay-Sachs, Sandhoff, and GM1 diseases, driving research, forging collaboration, and fostering community [E951b691]. A paper reports that Tay-Sachs disease is caused by a deficiency of the enzyme hexosaminidase-A, resulting in accumulation of GM2 gangliosides [E0d0eb92]. I also understand that NTSAD runs the PRONTO natural history study, which covers GM1 and GM2 conditions including Sandhoff and Tay-Sachs [E48e5738].\n\nGiven our shared focus on Tay-Sachs and the related biology across these conditions, I think there could be real value in connecting our communities, whether through sharing resources, coordinating outreach, or simply learning from each other's experience.\n\nWould you be open to a short call, perhaps 20 minutes, to discuss whether a collaboration between our organizations might make sense?\n\nThank you for considering this. I look forward to hearing from you.\n\nWarm regards,\nMaria\nPatient Group Leader\n\nSources:\n[E951b691] https://ntsad.org/about-ntsad/\n[E0d0eb92] https://pubmed.ncbi.nlm.nih.gov/33232090/\n[E48e5738] https://ntsad.org/ntsad-research/research-for-families-and-individuals/natural-history-studies/"", ""citations"": [""E951b691"", ""E0d0eb92"", ""E48e5738""], ""warnings"": [""Draft only: review and edit before sending; nothing is sent automatically.""], ""requires_human_review"": true}"
MONDO:0010006,"{""org_id"": ""ORG:National_Tay_Sachs_Allied_Diseases_Assoc"", ""disease_id"": ""MONDO:0010006"", ""to"": ""info@ntsad.org"", ""recipient_reason"": ""patient group linked to this disease (studies edge) with a general contact email"", ""subject"": ""Proposing a connection between our Sandhoff patient group and NTSAD"", ""body"": ""Dear NTSAD team,\n\nMy name is Maria, and I lead a patient group supporting families affected by Sandhoff disease. I'm reaching out because your organisation's mission aligns closely with ours.\n\nAccording to a webpage, NTSAD leads the worldwide fight to treat and cure Tay-Sachs, Canavan, GM1, and Sandhoff diseases by driving research, forging collaboration, and fostering community [E01216c0]. A paper reports that NTSAD runs PRONTO – Azafaros, a natural history study of GM1 and GM2 conditions including Sandhoff and Tay-Sachs [E48e5738].\n\nA paper reports that Sandhoff disease involves accumulation of GM2 ganglioside in lysosomes, particularly in neuronal cells [E1db4d37], and a paper reports that it results from a genetic mutation in HEXB and associated deficiency in β-hexosaminidase activity [E82f44df]. Given this shared biology with Tay-Sachs and your established research infrastructure, I believe our communities could benefit from a closer connection.\n\nWould you be open to a brief call in the coming weeks to explore how our groups might support each other, for example around the natural history study or shared family resources?\n\nThank you for your time and for all the work NTSAD does for our community.\n\nWarm regards,\nMaria\nPatient Group Leader (Sandhoff)\n\nSources:\n[E01216c0] https://ntsad.org/about-ntsad/\n[E48e5738] https://ntsad.org/ntsad-research/research-for-families-and-individuals/natural-history-studies/\n[E1db4d37] https://pubmed.ncbi.nlm.nih.gov/33407268/\n[E82f44df] https://pubmed.ncbi.nlm.nih.gov/36596541/"", ""citations"": [""E01216c0"", ""E48e5738"", ""E1db4d37"", ""E82f44df""], ""warnings"": [""Draft only: review and edit before sending; nothing is sent automatically.""], ""requires_human_review"": true}"
MONDO:0009757,"{""org_id"": ""ORG:International_Niemann_Pick_Disease_Allia"", ""disease_id"": ""MONDO:0009757"", ""to"": ""info@inpda.org"", ""recipient_reason"": ""patient group linked to this disease (studies edge) with a general contact email"", ""subject"": ""Connecting on Niemann-Pick C support efforts"", ""body"": ""Dear INPDA team,\n\nMy name is Maria, and I lead a patient group for Niemann-Pick C, a disease that affects my own family.\n\nI understand that INPDA is a global network of non-profit organisations supporting persons affected by Niemann-Pick diseases [Eaff0524]. Given that our communities share this focus, I believe there may be valuable opportunities for us to learn from one another and support families together.\n\nI would be glad to arrange a short call, at your convenience, simply to introduce our group and hear more about INPDA's work, with an eye toward exploring whether closer collaboration might benefit the families we both serve.\n\nThank you for considering this, and I look forward to hearing from you.\n\nWarm regards,\nMaria\nPatient Group Leader, Niemann-Pick C Patient Group\n\nSources:\n[Eaff0524] https://www.inpda.org/about-us/"", ""citations"": [""Eaff0524""], ""warnings"": [""Draft only: review and edit before sending; nothing is sent automatically.""], ""requires_human_review"": true}"
MONDO:0008769,"{""org_id"": ""ORG:Taylor_s_Tale"", ""disease_id"": ""MONDO:0008769"", ""to"": null, ""recipient_reason"": ""patient group linked to this disease (no usable contact email)"", ""subject"": ""Collaboration between our CLN2 community and Taylor's Tale"", ""body"": ""Dear Taylor's Tale team,\n\nMy name is Maria, and I lead a patient group supporting families affected by CLN2 (Ceroid lipofuscinosis, neuronal, 2). I'm reaching out to introduce our group and explore whether there might be opportunities to connect.\n\nA paper reports that Taylor's Tale catalyzed a research project and funded early research at UNC Chapel Hill on CLN2, alongside The Saoirse Foundation, Hayden's Batten Disease Foundation, and BDSRA [E8e670ee]. Given this history of supporting CLN2 research, I believe our communities have a shared interest in advancing understanding of this disease.\n\nI would love to learn more about your current work and see if there are ways our organizations could support one another going forward. Would you be open to a brief introductory call in the coming weeks, just to share updates and explore potential synergies?\n\nThank you for all the work you do for families facing Batten disease. I look forward to hearing from you.\n\nWarm regards,\nMaria\nPatient Group Leader, CLN2 Family Support\n\nSources:\n[E8e670ee] https://www.taylorstale.org/rare-disease/about-batten-disease/"", ""citations"": [""E8e670ee""], ""warnings"": [""Draft only: review and edit before sending; nothing is sent automatically."", ""No contact email found on the organisation's pages; use the contact form on www.taylorstale.org.""], ""requires_human_review"": true}"
MONDO:0008767,"{""org_id"": ""ORG:Beyond_Batten_Disease_Foundation"", ""disease_id"": ""MONDO:0008767"", ""to"": ""info@beyondbatten.org"", ""recipient_reason"": ""patient group linked to this disease (studies edge) with a general contact email"", ""subject"": ""Connecting on CLN3 (Batten Disease) Research"", ""body"": ""Dear Beyond Batten Disease Foundation team,\n\nMy name is Maria, and I lead a patient group for CLN3.\n\nGiven our shared focus on CLN3, I believe there may be valuable opportunities for our communities to learn from each other's experiences and efforts.\n\nWould you be open to a brief introductory call in the coming weeks to share updates and explore whether there are ways we might support each other's work going forward?\n\nThank you for considering this, and I look forward to hearing from you.\n\nWarm regards,\nMaria\nPatient Group Leader"", ""citations"": [], ""warnings"": [""Draft only: review and edit before sending; nothing is sent automatically.""], ""requires_human_review"": true}"
MONDO:0009260,"{""org_id"": ""ORG:National_Tay_Sachs_Allied_Diseases_Assoc"", ""disease_id"": ""MONDO:0009260"", ""to"": ""info@ntsad.org"", ""recipient_reason"": ""patient group linked to this disease (studies edge) with a general contact email"", ""subject"": ""Introduction and potential collaboration from a GM1 (infantile) patient group"", ""body"": ""Dear NTSAD Team,\n\nMy name is Maria, and I lead a patient group supporting families affected by GM1 gangliosidosis, type I (infantile). I'm reaching out to introduce our community and explore whether there might be room to collaborate.\n\nI understand that your organization leads the worldwide fight to treat and cure Tay-Sachs, Canavan, GM1, and Sandhoff diseases by driving research, forging collaboration, and fostering community [E3f52bb3]. I also understand that NTSAD runs the UPenn Natural History Study of Infantile and Juvenile GM1 Gangliosidosis Patients, sponsored by Passage Bio [Edc4757e].\n\nGiven that your work already includes GM1 specifically, I think there could be real value in our two groups connecting - whether to share experiences supporting affected families, exchange information on resources, or simply learn more about each other's efforts.\n\nWould you be open to a short introductory call in the coming weeks? I'd love to hear more about your work and see where our communities might be able to support one another.\n\nThank you for all that NTSAD does for families like ours. I look forward to hearing from you.\n\nWarm regards,\nMaria\nPatient Group Leader\n\nSources:\n[E3f52bb3] https://ntsad.org/about-ntsad/\n[Edc4757e] https://ntsad.org/ntsad-research/research-for-families-and-individuals/natural-history-studies/"", ""citations"": [""E3f52bb3"", ""Edc4757e""], ""warnings"": [""Draft only: review and edit before sending; nothing is sent automatically.""], ""requires_human_review"": true}"
MONDO:0010099,"{""org_id"": ""ORG:National_Tay_Sachs_Allied_Diseases_Assoc"", ""disease_id"": ""MONDO:0010099"", ""to"": ""info@ntsad.org"", ""recipient_reason"": ""patient group linked to this disease (studies edge) with a general contact email"", ""subject"": ""Collaboration inquiry from a GM2 AB variant patient group"", ""body"": ""Dear NTSAD team,\n\nMy name is Maria, and I lead a patient group for GM2-gangliosidosis, AB variant. I'm reaching out to introduce our community and explore whether there might be room to connect.\n\nA paper reports that NTSAD \""leads the worldwide fight to treat and cure Tay-Sachs, Canavan, GM1, and Sandhoff diseases by driving research, forging collaboration, and fostering community\"" [Ed912a71]. A paper also reports that NTSAD runs PRONTO – Azafaros, described as \""a natural history study of GM1 and GM2 (Sandhoff and Tay-Sachs)\"" [E48e5738].\n\nGM2 AB variant and Tay-Sachs share a common mechanism: a paper reports that GM2 AB variant is marked by \""excessive neuronal accumulation of GM2 and related glycolipids\"" [E7d4ef12], and a paper reports that Tay-Sachs involves \""GM2 ganglioside accumulation predominantly in lysosomes of nerve cells\"" [Ee7edb35]. Given this overlap, I believe our communities may have shared interests in research and natural history efforts.\n\nWould you be open to a short introductory call to see if there's potential for collaboration or information-sharing between our groups?\n\nThank you for your time and for the work you do.\n\nWarm regards,\nMaria\nPatient Group Leader, GM2 AB Variant Community\n\nSources:\n[Ed912a71] https://ntsad.org/diseases/sandhoff-disease/\n[E48e5738] https://ntsad.org/ntsad-research/research-for-families-and-individuals/natural-history-studies/\n[E7d4ef12] https://pubmed.ncbi.nlm.nih.gov/8900233/\n[Ee7edb35] https://pubmed.ncbi.nlm.nih.gov/30524313/"", ""citations"": [""Ed912a71"", ""E48e5738"", ""E7d4ef12"", ""Ee7edb35""], ""warnings"": [""Draft only: review and edit before sending; nothing is sent automatically.""], ""requires_human_review"": true}"
MONDO:0009756,"{""org_id"": ""ORG:International_Niemann_Pick_Disease_Allia"", ""disease_id"": ""MONDO:0009756"", ""to"": ""info@inpda.org"", ""recipient_reason"": ""patient group linked to this disease (studies edge) with a general contact email"", ""subject"": ""Connecting on Niemann-Pick A collaboration"", ""body"": ""Dear INPDA team,\n\nMy name is Maria, and I lead a patient group supporting families affected by Niemann-Pick disease, type A.\n\nI'm reaching out because the International Niemann Pick Disease Alliance (INPDA) is a global network of non-profit organisations supporting persons affected by Niemann Pick diseases (NPD) [Ef2a2426]. Given that your alliance's work already encompasses Niemann-Pick A, I believe there may be valuable opportunities for our groups to learn from one another and support our shared community more effectively.\n\nWould you be open to a short introductory call in the coming weeks to explore how our organisations might collaborate or share resources? I'd welcome the chance to hear more about INPDA's current work and discuss how our patient group could align with or contribute to your efforts.\n\nThank you for considering this, and I look forward to hearing from you.\n\nWarm regards,\nMaria\nPatient Group Leader\n\nSources:\n[Ef2a2426] https://www.inpda.org/about-us/"", ""citations"": [""Ef2a2426""], ""warnings"": [""Draft only: review and edit before sending; nothing is sent automatically.""], ""requires_human_review"": true}"
MONDO:0010281,"{""org_id"": ""ORG:Danon_Foundation"", ""disease_id"": ""MONDO:0010281"", ""to"": ""contact@danonfoundation.org"", ""recipient_reason"": ""patient group linked to this disease (studies edge) with a general contact email"", ""subject"": ""Connecting on Danon disease community efforts"", ""body"": ""Dear Danon Foundation team,\n\nMy name is Maria, and I lead a patient group supporting families affected by Danon disease. I'm reaching out because your organisation describes itself as \""a community of people living with or affected by Danon disease\"" [Ebb89110], and you've noted that your partnerships \""support our mission to serve the Danon community\"" with a commitment to \""supporting people all over the world that live with Danon disease\"" [E5453000]. Given our shared focus on this same community, I believe there could be valuable opportunities for us to learn from each other's work and potentially coordinate on outreach or resources for families.\n\nWould you be open to a brief call in the coming weeks to introduce our groups and explore whether there are natural ways to collaborate or support one another's efforts?\n\nThank you for the work you do for the Danon community. I look forward to hearing from you.\n\nWarm regards,\nMaria\nPatient Group Leader\n\nSources:\n[Ebb89110] https://www.danonfoundation.org/about-us/\n[E5453000] https://www.danonfoundation.org/about-us/partners/"", ""citations"": [""Ebb89110"", ""E5453000""], ""warnings"": [""Draft only: review and edit before sending; nothing is sent automatically.""], ""requires_human_review"": true}"
MONDO:0008199,"{""org_id"": ""ORG:Silverstein_Foundation_for_Parkinson_s_w"", ""disease_id"": ""MONDO:0008199"", ""to"": ""info@silversteinfoundation.org"", ""recipient_reason"": ""organisation linked to this disease with a contact email"", ""subject"": ""Proposing a conversation on Parkinson's and GBA-related research"", ""body"": ""Dear Silverstein Foundation team,\n\nMy name is Maria, and I lead a patient group for late-onset Parkinson disease.\n\nA paper reports that the Silverstein Foundation for Parkinson's with GBA \""began with the goal of aggressively seeking out new, cutting-edge therapeutic approaches to treating and preventing Parkinson's in GBA mutation carriers\"" [Ea3b320e].\n\nGiven this shared focus on Parkinson's, I believe there could be valuable common ground between our patient community and your foundation's work.\n\nWould you be open to a brief introductory call, perhaps 20-30 minutes, to learn more about your current priorities and explore whether there are natural ways for our patient group to support or connect with your efforts?\n\nThank you for considering this, and I look forward to hearing from you.\n\nWarm regards,\nMaria\nPatient Group Leader\n\nSources:\n[Ea3b320e] https://silversteinfoundation.org/"", ""citations"": [""Ea3b320e""], ""warnings"": [""Draft only: review and edit before sending; nothing is sent automatically.""], ""requires_human_review"": true}"
MONDO:0010726,"{""org_id"": ""ORG:Ontario_Rett_Syndrome_Association_of_Can"", ""disease_id"": ""MONDO:0010726"", ""to"": ""info@rett.ca"", ""recipient_reason"": ""patient group linked to this disease (studies edge) with a general contact email"", ""subject"": ""Connecting our Rett syndrome communities"", ""body"": ""Dear Ontario Rett Syndrome Association of Canada team,\n\nMy name is Maria, and I lead a patient group for families affected by Rett syndrome. I'm reaching out because I was glad to learn more about your work.\n\nA paper reports that ORSA Canada provides essential resources and advocacy for individuals with Rett syndrome and their families across Canada [E4616ce3]. A paper also reports that ORSA Canada runs a Bio-Bank Repository [E16f9f2f], and that this repository is focused on Rett syndrome [Ea4743f8]. Given that both our organizations are dedicated to supporting the Rett community, I believe there could be valuable opportunities for us to learn from one another and potentially support shared goals for families living with this condition.\n\nI would welcome the chance to introduce our group and hear more about your initiatives, including the biobank repository. Would you be open to a brief 20-30 minute call in the coming weeks to explore whether there are ways we might collaborate or support each other's efforts?\n\nThank you for the important work you do for the Rett community. I look forward to hearing from you.\n\nWarm regards,\nMaria\nPatient Group Leader\n\nSources:\n[E4616ce3] https://rett.ca/\n[E16f9f2f] https://rett.ca/\n[Ea4743f8] https://rett.ca/"", ""citations"": [""E4616ce3"", ""E16f9f2f"", ""Ea4743f8""], ""warnings"": [""Draft only: review and edit before sending; nothing is sent automatically.""], ""requires_human_review"": true}"
MONDO:0010679,"{""org_id"": ""ORG:Duchenne_UK"", ""disease_id"": ""MONDO:0010679"", ""to"": ""info@duchenneuk.org"", ""recipient_reason"": ""patient group linked to this disease (studies edge) with a general contact email"", ""subject"": ""Proposing a connection between our Duchenne patient groups"", ""body"": ""Dear Duchenne UK team,\n\nMy name is Maria, and I lead a patient group for Duchenne muscular dystrophy. I'm reaching out because our communities share the same focus.\n\nDuchenne UK works to create a future without Duchenne, while supporting those affected today [E3cfa85b]. I understand you also run the Duchenne Hub UK, a clinical research network of 11 hospital sites that, since launching in 2016, has helped bring more clinical trials of Duchenne treatments to the UK [E978dac6], and that this Hub specifically studies Duchenne [E09a3600].\n\nGiven this shared focus on Duchenne, I believe there could be real value in our two groups exchanging perspectives, particularly around how families and patients experience engagement with clinical research efforts like the Hub.\n\nWould you be open to a brief 20-30 minute call in the coming weeks to introduce our respective work and explore whether closer collaboration makes sense? I'd be glad to work around your availability.\n\nThank you for considering this, and for the work your organisation does for the Duchenne community.\n\nWarm regards,\nMaria\nPatient Group Leader (Duchenne)\n\nSources:\n[E3cfa85b] https://www.duchenneuk.org/about\n[E978dac6] https://www.duchenneuk.org/about\n[E09a3600] https://www.duchenneuk.org/about"", ""citations"": [""E3cfa85b"", ""E978dac6"", ""E09a3600""], ""warnings"": [""Draft only: review and edit before sending; nothing is sent automatically.""], ""requires_human_review"": true}"
MONDO:0008647,"{""org_id"": ""ORG:Cardiomyopathy_Patient_Council"", ""disease_id"": ""MONDO:0008647"", ""to"": ""info@globalhearthub.org"", ""recipient_reason"": ""patient group linked to this disease (studies edge) with a general contact email"", ""subject"": ""Connecting HCM patient communities"", ""body"": ""Dear Cardiomyopathy Patient Council,\n\nMy name is Maria, and I lead a patient group for HCM (MYH7). I am reaching out because our communities share a focus on the same condition.\n\nA paper reports that the Cardiomyopathy Patient Council \""was formed in November 2021 and brings together patient organisations across the world to increase awareness and understanding of cardiomyopathy\"" [E5a3bbe2]. Given this shared focus on cardiomyopathy, I believe there may be valuable opportunities for our groups to learn from one another and support our respective communities.\n\nWould you be open to a short introductory call in the coming weeks to explore whether there are natural areas of collaboration, such as sharing awareness resources or coordinating on patient education efforts? I would be glad to work around your schedule.\n\nThank you for the important work your council does, and I look forward to hearing from you.\n\nWarm regards,\nMaria\nPatient Group Leader, HCM (MYH7) Patient Group\n\nSources:\n[E5a3bbe2] https://globalhearthub.org/patient-councils/cardiomyopathy-patient-council/"", ""citations"": [""E5a3bbe2""], ""warnings"": [""Draft only: review and edit before sending; nothing is sent automatically.""], ""requires_human_review"": true}"
MONDO:0010079,"{""org_id"": ""ORG:National_Tay_Sachs_Allied_Diseases_Assoc"", ""disease_id"": ""MONDO:0010079"", ""to"": ""info@ntsad.org"", ""recipient_reason"": ""patient group linked to this disease (studies edge) with a general contact email"", ""subject"": ""Connecting on Canavan disease research efforts"", ""body"": ""Dear NTSAD team,\n\nMy name is Maria, and I lead a patient group focused on Canavan disease. I'm writing to introduce myself and explore whether there might be room for collaboration.\n\nI understand that NTSAD leads efforts to treat and cure several diseases, including Canavan, through driving research, forging collaboration, and fostering community [E960696e]. I also see that NTSAD runs CanInform, a natural history study for Canavan disease sponsored by Aspa Therapeutics [Ebba29d7]. Given that our group shares a focus on Canavan disease, I believe there could be valuable overlap in our work, particularly around supporting families and advancing research efforts.\n\nWould you be open to a short call in the coming weeks to share notes on our respective activities and see where we might support one another? I'd be glad to work around your schedule.\n\nThank you for all the work NTSAD does for the Canavan community. I look forward to hearing from you.\n\nWarm regards,\nMaria\nPatient Group Leader, Canavan Disease Community\n\nSources:\n[E960696e] https://ntsad.org/about-ntsad/\n[Ebba29d7] https://ntsad.org/ntsad-research/research-for-families-and-individuals/natural-history-studies/"", ""citations"": [""E960696e"", ""Ebba29d7""], ""warnings"": [""Draft only: review and edit before sending; nothing is sent automatically.""], ""requires_human_review"": true}"
