a,b,therapeutic,phenotype_view,gene,pathway,phenotype,lookalike,top_witnesses
MONDO:0008199,MONDO:0009265,0.577,0.2,1.0,1.0,0.0,false,"{""GBA1"",""Glycosphingolipid catabolism"",""Glycosphingolipid metabolism""}"
MONDO:0009265,MONDO:0010526,0.488,0.225,0.0,1.0,0.031,false,"{""Glycosphingolipid catabolism"",""Glycosphingolipid metabolism"",""Hypertension"",""Anemia""}"
MONDO:0010674,MONDO:0011758,0.46,0.189,0.0,0.375,0.143,false,"{""CS/DS degradation"",""Heparan sulfate/heparin (HS-GAG) metabolism"",""Urinary glycosaminoglycan excretion"",""Dermatan sulfate excretion in urine""}"
MONDO:0009265,MONDO:0009499,0.44,0.202,0.0,1.0,0.002,false,"{""Glycosphingolipid catabolism"",""Glycosphingolipid metabolism"",""Autosomal recessive inheritance""}"
MONDO:0009499,MONDO:0010526,0.419,0.213,0.0,1.0,0.016,false,"{""Glycosphingolipid catabolism"",""Glycosphingolipid metabolism"",""Vomiting"",""Seizure""}"
MONDO:0009655,MONDO:0009656,0.415,0.53,0.0,0.411,0.56,false,"{""HS-GAG degradation"",""Heparan sulfate/heparin (HS-GAG) metabolism"",""Dense calvaria"",""Hyperactivity""}"
MONDO:0008199,MONDO:0010526,0.411,0.211,0.0,1.0,0.014,false,"{""Glycosphingolipid catabolism"",""Glycosphingolipid metabolism"",""Abnormal autonomic nervous system physiology""}"
MONDO:0008199,MONDO:0009499,0.398,0.2,0.0,1.0,0.0,false,"{""Glycosphingolipid catabolism"",""Glycosphingolipid metabolism""}"
MONDO:0010006,MONDO:0010100,0.379,0.202,0.0,0.717,0.073,false,"{""Diseases associated with glycosaminoglycan metabolism"",""Hyaluronan degradation"",""Exaggerated startle response"",""Cherry red spot of the macula""}"
MONDO:0009655,MONDO:0009657,0.372,0.44,0.0,0.411,0.447,false,"{""HS-GAG degradation"",""Heparan sulfate/heparin (HS-GAG) metabolism"",""Dense calvaria"",""Growth abnormality""}"
MONDO:0009499,MONDO:0010099,0.368,0.271,0.0,1.0,0.089,false,"{""Glycosphingolipid catabolism"",""Glycosphingolipid metabolism"",""Axial hypotonia"",""Hypertonia""}"
MONDO:0009655,MONDO:0009658,0.367,0.165,0.0,0.087,0.185,false,"{""Mucopolysaccharidoses"",""Growth abnormality"",""Hyperactivity""}"
MONDO:0010099,MONDO:0010100,0.356,0.295,0.0,0.094,0.345,false,"{""Glycosphingolipid catabolism"",""Glycosphingolipid metabolism"",""Poor head control"",""Aspiration""}"
MONDO:0008199,MONDO:0010099,0.355,0.219,0.0,1.0,0.024,false,"{""Glycosphingolipid catabolism"",""Glycosphingolipid metabolism"",""Dystonia"",""Dementia""}"
MONDO:0009265,MONDO:0010099,0.351,0.202,0.0,1.0,0.003,false,"{""Glycosphingolipid catabolism"",""Glycosphingolipid metabolism"",""Autosomal recessive inheritance""}"
MONDO:0010099,MONDO:0010526,0.351,0.202,0.0,1.0,0.003,false,"{""Glycosphingolipid catabolism"",""Glycosphingolipid metabolism"",""Seizure""}"
MONDO:0009260,MONDO:0009756,0.329,0.049,0.0,0.056,0.047,false,"{""Glycosphingolipid catabolism"",""Glycosphingolipid metabolism"",""Cherry red spot of the macula"",""Infantile onset""}"
MONDO:0009656,MONDO:0009657,0.325,0.414,0.0,0.411,0.415,false,"{""HS-GAG degradation"",""Heparan sulfate/heparin (HS-GAG) metabolism"",""Dense calvaria"",""Hyperactivity""}"
MONDO:0009499,MONDO:0009591,0.28,0.108,0.0,0.222,0.08,false,"{""Glycosphingolipid catabolism"",""Glycosphingolipid metabolism"",""Increased CSF protein concentration"",""Peripheral demyelination""}"
MONDO:0008767,MONDO:0008769,0.234,0.187,0.0,0.0,0.234,true,"{""Curvilinear intracellular accumulation of autofluorescent lipopigment storage material"",""Increased extraneuronal autofluorescent lipopigment""}"
MONDO:0009655,MONDO:0010674,0.234,0.124,0.0,0.259,0.09,false,"{""HS-GAG degradation"",""Heparan sulfate/heparin (HS-GAG) metabolism"",""Umbilical hernia"",""Inguinal hernia""}"
MONDO:0009655,MONDO:0011758,0.233,0.121,0.0,0.259,0.086,false,"{""HS-GAG degradation"",""Heparan sulfate/heparin (HS-GAG) metabolism"",""Umbilical hernia"",""Hirsutism""}"
MONDO:0009265,MONDO:0009591,0.224,0.046,0.0,0.222,0.002,false,"{""Glycosphingolipid catabolism"",""Glycosphingolipid metabolism"",""Autosomal recessive inheritance""}"
MONDO:0009656,MONDO:0009658,0.224,0.155,0.0,0.087,0.172,false,"{""Mucopolysaccharidoses"",""Aggressive behavior"",""Hyperactivity""}"
MONDO:0009657,MONDO:0009658,0.205,0.162,0.0,0.087,0.181,false,"{""Mucopolysaccharidoses"",""Cellular metachromasia"",""Growth abnormality""}"
MONDO:0009656,MONDO:0010674,0.197,0.109,0.0,0.259,0.072,false,"{""HS-GAG degradation"",""Heparan sulfate/heparin (HS-GAG) metabolism"",""Diarrhea"",""Heparan sulfate excretion in urine""}"
MONDO:0009656,MONDO:0011758,0.197,0.11,0.0,0.259,0.073,false,"{""HS-GAG degradation"",""Heparan sulfate/heparin (HS-GAG) metabolism"",""Progressive neurologic deterioration"",""Hirsutism""}"
MONDO:0009657,MONDO:0010674,0.193,0.125,0.0,0.259,0.092,false,"{""HS-GAG degradation"",""Heparan sulfate/heparin (HS-GAG) metabolism"",""Dolichocephaly"",""Hypertrichosis""}"
MONDO:0009657,MONDO:0011758,0.189,0.108,0.0,0.259,0.07,false,"{""HS-GAG degradation"",""Heparan sulfate/heparin (HS-GAG) metabolism"",""Hernia"",""Hirsutism""}"
MONDO:0009265,MONDO:0009756,0.187,0.082,0.0,0.363,0.012,false,"{""Glycosphingolipid catabolism"",""Glycosphingolipid metabolism"",""Splenomegaly"",""Hepatomegaly""}"
MONDO:0009658,MONDO:0011758,0.172,0.115,0.0,0.061,0.128,false,"{""Mucopolysaccharidoses"",""Thick vermilion border"",""Depressed nasal bridge""}"
MONDO:0009591,MONDO:0010526,0.168,0.047,0.0,0.222,0.003,false,"{""Glycosphingolipid catabolism"",""Glycosphingolipid metabolism"",""Seizure""}"
MONDO:0009658,MONDO:0010674,0.167,0.091,0.0,0.061,0.099,false,"{""Mucopolysaccharidoses"",""Thick lower lip vermilion"",""Pes cavus""}"
MONDO:0009499,MONDO:0009756,0.155,0.117,0.0,0.363,0.055,false,"{""Glycosphingolipid catabolism"",""Glycosphingolipid metabolism"",""Failure to thrive"",""Vomiting""}"
MONDO:0009756,MONDO:0010526,0.155,0.082,0.0,0.363,0.012,false,"{""Glycosphingolipid catabolism"",""Glycosphingolipid metabolism"",""Vomiting""}"
MONDO:0008199,MONDO:0009756,0.148,0.095,0.0,0.363,0.028,false,"{""Glycosphingolipid catabolism"",""Glycosphingolipid metabolism"",""Rigidity"",""Constipation""}"
MONDO:0008199,MONDO:0009591,0.145,0.073,0.0,0.222,0.036,false,"{""Glycosphingolipid catabolism"",""Glycosphingolipid metabolism"",""Hallucinations"",""Dystonia""}"
MONDO:0010006,MONDO:0010099,0.145,0.084,0.0,0.094,0.082,false,"{""Glycosphingolipid catabolism"",""Glycosphingolipid metabolism"",""Myoclonic seizure"",""Exaggerated startle response""}"
MONDO:0009260,MONDO:0009658,0.136,0.107,0.0,0.152,0.096,false,"{""Keratan sulfate degradation"",""Keratan sulfate/keratin metabolism"",""Hypoplastic vertebral bodies"",""Hypertelorism""}"
MONDO:0009260,MONDO:0010100,0.135,0.095,0.0,0.217,0.065,false,"{""Keratan sulfate degradation"",""Keratan sulfate/keratin metabolism"",""Cherry red spot of the macula"",""Hypertonia""}"
MONDO:0009756,MONDO:0010099,0.131,0.09,0.0,0.363,0.022,false,"{""Glycosphingolipid catabolism"",""Glycosphingolipid metabolism"",""Infantile onset"",""Global developmental delay""}"
MONDO:0009499,MONDO:0010006,0.124,0.046,0.0,0.094,0.034,false,"{""Glycosphingolipid catabolism"",""Glycosphingolipid metabolism"",""Developmental regression"",""Blindness""}"
MONDO:0008769,MONDO:0009656,0.103,0.01,0.0,0.0,0.012,false,"{""Seizure"",""Autosomal recessive inheritance""}"
MONDO:0009260,MONDO:0009655,0.102,0.108,0.0,0.036,0.126,false,"{""Mucopolysaccharidoses"",""Scoliosis"",""Thickened ribs""}"
MONDO:0009260,MONDO:0010006,0.101,0.075,0.0,0.217,0.039,false,"{""Keratan sulfate degradation"",""Keratan sulfate/keratin metabolism"",""Cherry red spot of the macula"",""Coarse facial features""}"
MONDO:0009591,MONDO:0010099,0.097,0.12,0.0,0.222,0.095,false,"{""Glycosphingolipid catabolism"",""Glycosphingolipid metabolism"",""Chorea"",""Hyperreflexia""}"
MONDO:0009591,MONDO:0010079,0.091,0.018,0.0,0.0,0.022,false,"{""Optic atrophy"",""Hypotonia""}"
MONDO:0009260,MONDO:0010674,0.089,0.113,0.0,0.115,0.112,false,"{""CS/DS degradation"",""Chondroitin sulfate/dermatan sulfate metabolism"",""Abnormal heart valve morphology"",""Severe short stature""}"
MONDO:0009591,MONDO:0009756,0.089,0.05,0.0,0.16,0.023,false,"{""Glycosphingolipid catabolism"",""Glycosphingolipid metabolism"",""Hyporeflexia"",""Hypotonia""}"
MONDO:0008767,MONDO:0009657,0.087,0.033,0.0,0.0,0.041,false,"{""Rod-cone dystrophy"",""Juvenile onset""}"
MONDO:0009260,MONDO:0011758,0.086,0.098,0.0,0.115,0.094,false,"{""CS/DS degradation"",""Chondroitin sulfate/dermatan sulfate metabolism"",""Gingival overgrowth"",""Hypertelorism""}"
MONDO:0009499,MONDO:0010079,0.086,0.087,0.0,0.0,0.109,false,"{""Nystagmus"",""CNS demyelination""}"
MONDO:0009658,MONDO:0010100,0.085,0.039,0.0,0.153,0.01,false,"{""Keratan sulfate degradation"",""Keratan sulfate/keratin metabolism"",""Infantile onset"",""Seizure""}"
MONDO:0009260,MONDO:0009265,0.083,0.023,0.0,0.063,0.013,false,"{""Glycosphingolipid catabolism"",""Glycosphingolipid metabolism"",""Splenomegaly"",""Hepatomegaly""}"
MONDO:0009756,MONDO:0010100,0.082,0.044,0.0,0.081,0.035,false,"{""Glycosphingolipid catabolism"",""Glycosphingolipid metabolism"",""Cherry red spot of the macula"",""Infantile onset""}"
MONDO:0009656,MONDO:0010006,0.081,0.027,0.0,0.0,0.034,false,"{""Cardiomegaly"",""Coarse facial features""}"
MONDO:0009658,MONDO:0010006,0.074,0.056,0.0,0.153,0.032,false,"{""Keratan sulfate degradation"",""Keratan sulfate/keratin metabolism"",""Macroglossia"",""Macrocephaly""}"
MONDO:0008769,MONDO:0010006,0.072,0.026,0.0,0.0,0.032,false,"{""Ataxia"",""Developmental regression""}"
MONDO:0009655,MONDO:0009756,0.07,0.023,0.0,0.0,0.029,false,"{""Global developmental delay"",""Splenomegaly""}"
MONDO:0009658,MONDO:0009756,0.07,0.025,0.0,0.0,0.031,false,"{""Short stature"",""Macrocephaly""}"
MONDO:0008767,MONDO:0009656,0.065,0.021,0.0,0.0,0.026,false,"{""Juvenile onset"",""Intellectual disability""}"
MONDO:0009260,MONDO:0009657,0.065,0.098,0.0,0.036,0.114,false,"{""Mucopolysaccharidoses"",""Beaking of vertebral bodies"",""Hypertrichosis""}"
MONDO:0010281,MONDO:0010526,0.064,0.012,0.0,0.0,0.015,false,"{""Congestive heart failure"",""Juvenile onset""}"
MONDO:0009260,MONDO:0009656,0.063,0.072,0.0,0.036,0.081,false,"{""Mucopolysaccharidoses"",""Thickened ribs"",""Joint stiffness""}"
MONDO:0009265,MONDO:0010100,0.062,0.021,0.0,0.094,0.003,false,"{""Glycosphingolipid catabolism"",""Glycosphingolipid metabolism"",""Autosomal recessive inheritance""}"
MONDO:0009756,MONDO:0010006,0.062,0.083,0.0,0.081,0.083,false,"{""Glycosphingolipid catabolism"",""Glycosphingolipid metabolism"",""Skeletal muscle atrophy"",""Cherry red spot of the macula""}"
MONDO:0009499,MONDO:0010100,0.059,0.069,0.0,0.094,0.063,false,"{""Glycosphingolipid catabolism"",""Glycosphingolipid metabolism"",""Hypertonia"",""Blindness""}"
MONDO:0009657,MONDO:0010281,0.058,0.022,0.0,0.0,0.027,false,"{""Juvenile onset"",""Childhood onset""}"
MONDO:0009656,MONDO:0009757,0.057,0.034,0.0,0.0,0.043,false,"{""Juvenile onset"",""Intellectual disability""}"
MONDO:0010100,MONDO:0010674,0.057,0.03,0.0,0.106,0.011,false,"{""CS/DS degradation"",""Chondroitin sulfate/dermatan sulfate metabolism"",""Infantile onset"",""Seizure""}"
MONDO:0010006,MONDO:0010674,0.056,0.055,0.0,0.106,0.042,false,"{""CS/DS degradation"",""Chondroitin sulfate/dermatan sulfate metabolism"",""Hepatosplenomegaly"",""Macroglossia""}"
MONDO:0010100,MONDO:0011758,0.055,0.023,0.0,0.106,0.002,false,"{""CS/DS degradation"",""Chondroitin sulfate/dermatan sulfate metabolism"",""Autosomal recessive inheritance""}"
MONDO:0010006,MONDO:0011758,0.054,0.047,0.0,0.106,0.032,false,"{""CS/DS degradation"",""Chondroitin sulfate/dermatan sulfate metabolism"",""Hepatosplenomegaly"",""Macroglossia""}"
MONDO:0009260,MONDO:0010526,0.053,0.034,0.0,0.063,0.027,false,"{""Glycosphingolipid catabolism"",""Glycosphingolipid metabolism"",""Angiokeratoma corporis diffusum"",""Congestive heart failure""}"
MONDO:0008767,MONDO:0009757,0.051,0.05,0.0,0.0,0.063,false,"{""Psychosis"",""Dementia""}"
MONDO:0010100,MONDO:0010526,0.051,0.022,0.0,0.094,0.004,false,"{""Glycosphingolipid catabolism"",""Glycosphingolipid metabolism"",""Seizure""}"
MONDO:0008767,MONDO:0010006,0.05,0.028,0.0,0.0,0.035,false,"{""Bilateral tonic-clonic seizure"",""Dysarthria""}"
MONDO:0009591,MONDO:0010100,0.05,0.041,0.0,0.071,0.033,false,"{""Glycosphingolipid metabolism"",""Glycosphingolipid catabolism"",""Generalized hypotonia"",""Hypotonia""}"
MONDO:0008199,MONDO:0010281,0.049,0.0,0.0,0.0,0.0,false,{}
MONDO:0008769,MONDO:0009757,0.049,0.022,0.0,0.0,0.027,false,"{""Ataxia"",""Seizure""}"
MONDO:0009260,MONDO:0009591,0.049,0.023,0.0,0.051,0.016,false,"{""Glycosphingolipid metabolism"",""Glycosphingolipid catabolism"",""Hypotonia"",""Intellectual disability""}"
MONDO:0010006,MONDO:0010526,0.049,0.042,0.0,0.094,0.029,false,"{""Glycosphingolipid catabolism"",""Glycosphingolipid metabolism"",""Fasciculations"",""Hypohidrosis""}"
MONDO:0008199,MONDO:0010100,0.048,0.031,0.0,0.094,0.015,false,"{""Glycosphingolipid catabolism"",""Glycosphingolipid metabolism"",""Dementia""}"
MONDO:0009265,MONDO:0010006,0.048,0.024,0.0,0.094,0.007,false,"{""Glycosphingolipid catabolism"",""Glycosphingolipid metabolism"",""Hepatomegaly"",""Autosomal recessive inheritance""}"
MONDO:0009591,MONDO:0010006,0.047,0.06,0.0,0.071,0.057,false,"{""Glycosphingolipid metabolism"",""Glycosphingolipid catabolism"",""Hyperreflexia"",""Urinary incontinence""}"
MONDO:0008767,MONDO:0010281,0.046,0.01,0.0,0.0,0.013,false,"{""Juvenile onset"",""Intellectual disability""}"
MONDO:0009260,MONDO:0009499,0.046,0.038,0.0,0.063,0.032,false,"{""Glycosphingolipid catabolism"",""Glycosphingolipid metabolism"",""Hypertonia"",""Infantile onset""}"
MONDO:0009757,MONDO:0010006,0.046,0.038,0.0,0.0,0.048,false,"{""Spasticity"",""Ataxia""}"
MONDO:0008199,MONDO:0010006,0.043,0.026,0.0,0.094,0.009,false,"{""Glycosphingolipid catabolism"",""Glycosphingolipid metabolism"",""Dysarthria""}"
MONDO:0009756,MONDO:0017694,0.041,0.036,0.0,0.0,0.045,false,"{""Recurrent respiratory infections"",""Hyporeflexia""}"
MONDO:0009656,MONDO:0009756,0.038,0.017,0.0,0.0,0.021,false,"{""Intellectual disability"",""Splenomegaly""}"
MONDO:0008199,MONDO:0009260,0.037,0.013,0.0,0.063,0.0,false,"{""Glycosphingolipid catabolism"",""Glycosphingolipid metabolism""}"
MONDO:0009265,MONDO:0009655,0.037,0.014,0.0,0.0,0.017,false,"{""Splenomegaly"",""Hepatomegaly""}"
MONDO:0009265,MONDO:0009658,0.037,0.014,0.0,0.0,0.017,false,"{""Mitral regurgitation"",""Splenomegaly""}"
MONDO:0009756,MONDO:0011758,0.036,0.039,0.0,0.0,0.049,false,"{""Protuberant abdomen"",""Recurrent respiratory infections""}"
MONDO:0009260,MONDO:0017694,0.035,0.013,0.0,0.0,0.016,false,"{""Hypotonia"",""Splenomegaly""}"
MONDO:0009657,MONDO:0009756,0.034,0.019,0.0,0.0,0.024,false,"{""Global developmental delay"",""Intellectual disability""}"
MONDO:0009655,MONDO:0010100,0.032,0.01,0.0,0.0,0.012,false,"{""Seizure"",""Autosomal recessive inheritance""}"
MONDO:0009756,MONDO:0010674,0.032,0.022,0.0,0.0,0.028,false,"{""Short stature"",""Macrocephaly""}"
MONDO:0009260,MONDO:0010099,0.031,0.048,0.0,0.063,0.044,false,"{""Glycosphingolipid catabolism"",""Glycosphingolipid metabolism"",""Hypertonia"",""Infantile onset""}"
MONDO:0008769,MONDO:0009756,0.029,0.012,0.0,0.0,0.015,false,"{""Developmental regression"",""Autosomal recessive inheritance""}"
MONDO:0009658,MONDO:0017694,0.028,0.021,0.0,0.0,0.026,false,"{""Gait disturbance"",""Macroglossia""}"
MONDO:0008769,MONDO:0009260,0.027,0.006,0.0,0.0,0.008,false,"{""Seizure"",""Autosomal recessive inheritance""}"
MONDO:0009265,MONDO:0017694,0.027,0.021,0.0,0.0,0.026,false,"{""Dyspnea"",""Splenomegaly""}"
MONDO:0009655,MONDO:0017694,0.027,0.017,0.0,0.0,0.021,false,"{""Hearing impairment"",""Splenomegaly""}"
MONDO:0009265,MONDO:0009656,0.026,0.014,0.0,0.0,0.017,false,"{""Splenomegaly"",""Hepatomegaly""}"
MONDO:0009591,MONDO:0009658,0.025,0.018,0.0,0.0,0.022,false,"{""Gait disturbance"",""Dysarthria""}"
MONDO:0009265,MONDO:0009657,0.024,0.011,0.0,0.0,0.014,false,"{""Splenomegaly"",""Hepatomegaly""}"
MONDO:0009591,MONDO:0009655,0.024,0.011,0.0,0.0,0.014,false,"{""Intellectual disability"",""Seizure""}"
MONDO:0009591,MONDO:0017694,0.024,0.034,0.0,0.0,0.042,false,"{""Urinary incontinence"",""Gait disturbance""}"
MONDO:0009656,MONDO:0017694,0.024,0.027,0.0,0.0,0.034,false,"{""Cardiomegaly"",""Hearing impairment""}"
MONDO:0008769,MONDO:0009658,0.023,0.014,0.0,0.0,0.017,false,"{""Delayed speech and language development"",""Seizure""}"
MONDO:0009265,MONDO:0011758,0.023,0.014,0.0,0.0,0.018,false,"{""Mitral regurgitation"",""Splenomegaly""}"
MONDO:0009656,MONDO:0010100,0.023,0.01,0.0,0.0,0.012,false,"{""Seizure"",""Autosomal recessive inheritance""}"
MONDO:0010526,MONDO:0010674,0.023,0.036,0.0,0.0,0.045,false,"{""Airway obstruction"",""X-linked recessive inheritance""}"
MONDO:0011758,MONDO:0017694,0.023,0.03,0.0,0.0,0.037,false,"{""Abnormal CNS myelination"",""Recurrent respiratory infections""}"
MONDO:0008769,MONDO:0009655,0.022,0.01,0.0,0.0,0.012,false,"{""Seizure"",""Autosomal recessive inheritance""}"
MONDO:0009655,MONDO:0010526,0.022,0.011,0.0,0.0,0.014,false,"{""Diarrhea"",""Seizure""}"
MONDO:0010006,MONDO:0017694,0.022,0.042,0.0,0.0,0.052,false,"{""Urinary incontinence"",""Cardiomegaly""}"
MONDO:0010100,MONDO:0017694,0.022,0.007,0.0,0.0,0.009,false,"{""Hypotonia"",""Autosomal recessive inheritance""}"
MONDO:0009265,MONDO:0010674,0.021,0.006,0.0,0.0,0.008,false,"{""Splenomegaly"",""Hepatomegaly""}"
MONDO:0009499,MONDO:0010674,0.021,0.042,0.0,0.0,0.052,false,"{""Hydrocephalus"",""Young adult onset""}"
MONDO:0009657,MONDO:0010100,0.021,0.007,0.0,0.0,0.009,false,"{""Seizure"",""Autosomal recessive inheritance""}"
MONDO:0009658,MONDO:0010526,0.021,0.006,0.0,0.0,0.008,false,"{""Diarrhea"",""Seizure""}"
MONDO:0010674,MONDO:0017694,0.021,0.022,0.0,0.0,0.028,false,"{""Young adult onset"",""Macroglossia""}"
MONDO:0008769,MONDO:0010100,0.02,0.011,0.0,0.0,0.014,false,"{""Seizure"",""Autosomal recessive inheritance""}"
MONDO:0009499,MONDO:0009655,0.02,0.021,0.0,0.0,0.026,false,"{""Childhood onset"",""Hearing impairment""}"
MONDO:0009591,MONDO:0009657,0.02,0.02,0.0,0.0,0.025,false,"{""Loss of speech"",""Intellectual disability""}"
MONDO:0009656,MONDO:0010526,0.02,0.019,0.0,0.0,0.024,false,"{""Diarrhea"",""Juvenile onset""}"
MONDO:0009657,MONDO:0017694,0.02,0.014,0.0,0.0,0.018,false,"{""Hearing impairment"",""Splenomegaly""}"
MONDO:0008199,MONDO:0009658,0.019,0.024,0.0,0.0,0.03,false,"{""Progressive"",""Dysphagia""}"
MONDO:0008769,MONDO:0009265,0.019,0.002,0.0,0.0,0.003,false,"{""Autosomal recessive inheritance""}"
MONDO:0008769,MONDO:0009591,0.019,0.02,0.0,0.0,0.025,false,"{""Ataxia"",""Seizure""}"
MONDO:0009499,MONDO:0009657,0.019,0.031,0.0,0.0,0.039,false,"{""Motor deterioration"",""Hearing impairment""}"
MONDO:0009591,MONDO:0009656,0.019,0.011,0.0,0.0,0.014,false,"{""Intellectual disability"",""Seizure""}"
MONDO:0009756,MONDO:0009757,0.019,0.077,0.0,0.0,0.096,false,"{""Sea-blue histiocytosis"",""Bone-marrow foam cells""}"
MONDO:0009499,MONDO:0009658,0.018,0.014,0.0,0.0,0.017,false,"{""Infantile onset"",""Childhood onset""}"
MONDO:0009655,MONDO:0010006,0.018,0.014,0.0,0.0,0.018,false,"{""Coarse facial features"",""Hepatomegaly""}"
MONDO:0009657,MONDO:0010526,0.018,0.016,0.0,0.0,0.02,false,"{""Diarrhea"",""Juvenile onset""}"
MONDO:0010281,MONDO:0017694,0.018,0.072,0.0,0.0,0.09,false,"{""Proximal muscle weakness"",""Exercise intolerance""}"
MONDO:0009499,MONDO:0009656,0.017,0.022,0.0,0.0,0.027,false,"{""Childhood onset"",""Hearing impairment""}"
MONDO:0009499,MONDO:0017694,0.017,0.019,0.0,0.0,0.024,false,"{""Young adult onset"",""Hearing impairment""}"
MONDO:0008769,MONDO:0009657,0.016,0.007,0.0,0.0,0.009,false,"{""Seizure"",""Autosomal recessive inheritance""}"
MONDO:0008769,MONDO:0011758,0.016,0.01,0.0,0.0,0.013,false,"{""Retinal degeneration"",""Autosomal recessive inheritance""}"
MONDO:0009499,MONDO:0011758,0.016,0.019,0.0,0.0,0.024,false,"{""Hydrocephalus"",""Neurodegeneration""}"
MONDO:0009591,MONDO:0009757,0.016,0.064,0.0,0.0,0.08,false,"{""Loss of speech"",""Generalized hypotonia""}"
MONDO:0009757,MONDO:0010099,0.016,0.066,0.0,0.0,0.082,false,"{""Loss of speech"",""Generalized hypotonia""}"
MONDO:0008199,MONDO:0009655,0.015,0.01,0.0,0.0,0.012,false,"{""Sleep disturbance""}"
MONDO:0008199,MONDO:0009657,0.015,0.018,0.0,0.0,0.023,false,"{""Dysphagia"",""Sleep disturbance""}"
MONDO:0008769,MONDO:0009499,0.015,0.018,0.0,0.0,0.023,false,"{""Developmental regression"",""Seizure""}"
MONDO:0008769,MONDO:0017694,0.015,0.002,0.0,0.0,0.002,false,"{""Autosomal recessive inheritance""}"
MONDO:0009591,MONDO:0010674,0.015,0.002,0.0,0.0,0.003,false,"{""Seizure""}"
MONDO:0009591,MONDO:0011758,0.015,0.004,0.0,0.0,0.005,false,"{""Intellectual disability"",""Autosomal recessive inheritance""}"
MONDO:0009657,MONDO:0009757,0.015,0.058,0.0,0.0,0.073,false,"{""Dysphagia"",""Loss of speech""}"
MONDO:0010526,MONDO:0017694,0.015,0.0,0.0,0.0,0.0,false,{}
MONDO:0008769,MONDO:0010526,0.014,0.003,0.0,0.0,0.004,false,"{""Seizure""}"
MONDO:0008769,MONDO:0010674,0.014,0.002,0.0,0.0,0.003,false,"{""Seizure""}"
MONDO:0009657,MONDO:0010006,0.014,0.012,0.0,0.0,0.015,false,"{""Coarse facial features"",""Hepatomegaly""}"
MONDO:0010526,MONDO:0011758,0.014,0.0,0.0,0.0,0.0,false,{}
MONDO:0008199,MONDO:0009656,0.013,0.01,0.0,0.0,0.012,false,"{""Sleep disturbance""}"
MONDO:0008199,MONDO:0009757,0.013,0.05,0.0,0.0,0.063,false,"{""Neuronal loss in central nervous system"",""Dysphagia""}"
MONDO:0008767,MONDO:0010100,0.013,0.053,0.0,0.0,0.066,false,"{""Psychomotor deterioration"",""Dementia""}"
MONDO:0010006,MONDO:0010079,0.013,0.051,0.0,0.0,0.064,false,"{""Bilateral tonic-clonic seizure"",""Macrocephaly""}"
MONDO:0010079,MONDO:0010099,0.013,0.052,0.0,0.0,0.065,false,"{""Abnormal pyramidal sign"",""Blindness""}"
MONDO:0010679,MONDO:0017694,0.013,0.053,0.0,0.0,0.066,false,"{""Respiratory insufficiency due to muscle weakness"",""Difficulty climbing stairs""}"
MONDO:0008199,MONDO:0017694,0.011,0.0,0.0,0.0,0.0,false,{}
MONDO:0009756,MONDO:0010726,0.011,0.042,0.0,0.0,0.053,false,"{""Skeletal muscle atrophy"",""Constipation""}"
MONDO:0009757,MONDO:0010100,0.011,0.044,0.0,0.0,0.055,false,"{""Generalized hypotonia"",""Dementia""}"
MONDO:0008199,MONDO:0008769,0.01,0.0,0.0,0.0,0.0,false,{}
MONDO:0008199,MONDO:0010674,0.01,0.0,0.0,0.0,0.0,false,{}
MONDO:0008199,MONDO:0011758,0.01,0.0,0.0,0.0,0.0,false,{}
MONDO:0008767,MONDO:0010099,0.01,0.039,0.0,0.0,0.049,false,"{""Cerebral atrophy"",""Dementia""}"
MONDO:0009260,MONDO:0010281,0.01,0.041,0.0,0.0,0.051,false,"{""Hypertrophic cardiomyopathy"",""Dilated cardiomyopathy""}"
MONDO:0009499,MONDO:0010726,0.01,0.04,0.0,0.0,0.05,false,"{""EEG abnormality"",""Motor deterioration""}"
MONDO:0010281,MONDO:0010679,0.01,0.041,0.0,0.0,0.051,false,"{""Dilated cardiomyopathy"",""Elevated circulating creatine kinase activity""}"
MONDO:0010674,MONDO:0010679,0.01,0.038,0.0,0.0,0.048,false,"{""Obstructive sleep apnea"",""X-linked recessive inheritance""}"
MONDO:0008767,MONDO:0010079,0.009,0.035,0.0,0.0,0.044,false,"{""Bilateral tonic-clonic seizure"",""Optic atrophy""}"
MONDO:0008647,MONDO:0010679,0.008,0.03,0.0,0.0,0.038,false,"{""Arrhythmia"",""Congestive heart failure""}"
MONDO:0009260,MONDO:0010679,0.008,0.033,0.0,0.0,0.041,false,"{""Dilated cardiomyopathy"",""Scoliosis""}"
MONDO:0009655,MONDO:0009757,0.008,0.031,0.0,0.0,0.039,false,"{""Global developmental delay"",""Splenomegaly""}"
MONDO:0009655,MONDO:0010726,0.008,0.03,0.0,0.0,0.038,false,"{""Scoliosis"",""Sleep disturbance""}"
MONDO:0009656,MONDO:0010281,0.008,0.032,0.0,0.0,0.04,false,"{""Cardiomegaly"",""Juvenile onset""}"
MONDO:0009756,MONDO:0010079,0.008,0.033,0.0,0.0,0.041,false,"{""Macrocephaly"",""Developmental regression""}"
MONDO:0009757,MONDO:0010726,0.008,0.034,0.0,0.0,0.042,false,"{""Gait ataxia"",""Spasticity""}"
MONDO:0010079,MONDO:0010100,0.008,0.034,0.0,0.0,0.042,false,"{""Blindness"",""Infantile onset""}"
MONDO:0008199,MONDO:0008767,0.007,0.03,0.0,0.0,0.037,false,"{""Parkinsonism"",""Dementia""}"
MONDO:0008647,MONDO:0010526,0.007,0.026,0.0,0.0,0.033,false,"{""Arrhythmia"",""Congestive heart failure""}"
MONDO:0008767,MONDO:0009591,0.007,0.026,0.0,0.0,0.033,false,"{""Optic atrophy"",""Dysarthria""}"
MONDO:0008769,MONDO:0010099,0.007,0.028,0.0,0.0,0.035,false,"{""Cerebral atrophy"",""Seizure""}"
MONDO:0009260,MONDO:0009757,0.007,0.029,0.0,0.0,0.036,false,"{""Global developmental delay"",""Hypotonia""}"
MONDO:0009657,MONDO:0010726,0.007,0.027,0.0,0.0,0.034,false,"{""Motor deterioration"",""Sleep disturbance""}"
MONDO:0009658,MONDO:0009757,0.007,0.026,0.0,0.0,0.033,false,"{""Dysphagia"",""Dysarthria""}"
MONDO:0010526,MONDO:0010679,0.007,0.026,0.0,0.0,0.033,false,"{""X-linked recessive inheritance"",""Arrhythmia""}"
MONDO:0010674,MONDO:0010726,0.007,0.03,0.0,0.0,0.037,false,"{""Profound intellectual disability"",""Kyphosis""}"
MONDO:0008199,MONDO:0010726,0.006,0.025,0.0,0.0,0.031,false,"{""Constipation"",""Dystonia""}"
MONDO:0008647,MONDO:0009655,0.006,0.024,0.0,0.0,0.03,false,"{""Asymmetric septal hypertrophy""}"
MONDO:0008647,MONDO:0009656,0.006,0.024,0.0,0.0,0.03,false,"{""Asymmetric septal hypertrophy""}"
MONDO:0008767,MONDO:0009260,0.006,0.023,0.0,0.0,0.029,false,"{""Vacuolated lymphocytes"",""Intellectual disability""}"
MONDO:0008767,MONDO:0009499,0.006,0.023,0.0,0.0,0.029,false,"{""Optic atrophy"",""Blindness""}"
MONDO:0009657,MONDO:0010099,0.006,0.025,0.0,0.0,0.031,false,"{""Loss of speech"",""Global developmental delay""}"
MONDO:0009658,MONDO:0010079,0.006,0.025,0.0,0.0,0.031,false,"{""Visual impairment"",""Macrocephaly""}"
MONDO:0009658,MONDO:0010281,0.006,0.023,0.0,0.0,0.029,false,"{""Pes cavus"",""Visual impairment""}"
MONDO:0009757,MONDO:0010674,0.006,0.022,0.0,0.0,0.028,false,"{""Young adult onset"",""Juvenile onset""}"
MONDO:0010006,MONDO:0010726,0.006,0.026,0.0,0.0,0.032,false,"{""Skeletal muscle atrophy"",""Spasticity""}"
MONDO:0010281,MONDO:0010674,0.006,0.023,0.0,0.0,0.029,false,"{""Pes cavus"",""Congestive heart failure""}"
MONDO:0008199,MONDO:0008647,0.005,0.022,0.0,0.0,0.027,false,"{""Autosomal dominant inheritance""}"
MONDO:0008767,MONDO:0011758,0.005,0.021,0.0,0.0,0.026,false,"{""Glaucoma"",""Retinal degeneration""}"
MONDO:0009260,MONDO:0010079,0.005,0.018,0.0,0.0,0.023,false,"{""Infantile onset"",""Global developmental delay""}"
MONDO:0009260,MONDO:0010726,0.005,0.021,0.0,0.0,0.026,false,"{""Kyphosis"",""Scoliosis""}"
MONDO:0009499,MONDO:0009757,0.005,0.021,0.0,0.0,0.026,false,"{""Young adult onset"",""Hypotonia""}"
MONDO:0009655,MONDO:0010079,0.005,0.018,0.0,0.0,0.023,false,"{""Hearing impairment"",""Global developmental delay""}"
MONDO:0009655,MONDO:0010679,0.005,0.019,0.0,0.0,0.024,false,"{""Scoliosis"",""Childhood onset""}"
MONDO:0009656,MONDO:0010726,0.005,0.018,0.0,0.0,0.023,false,"{""Sleep disturbance"",""Childhood onset""}"
MONDO:0009756,MONDO:0010679,0.005,0.02,0.0,0.0,0.025,false,"{""Hyporeflexia"",""Muscle weakness""}"
MONDO:0009757,MONDO:0017694,0.005,0.022,0.0,0.0,0.027,false,"{""Young adult onset"",""Hypotonia""}"
MONDO:0008647,MONDO:0009657,0.004,0.017,0.0,0.0,0.021,false,"{""Asymmetric septal hypertrophy""}"
MONDO:0008769,MONDO:0010079,0.004,0.015,0.0,0.0,0.019,false,"{""Developmental regression"",""Autosomal recessive inheritance""}"
MONDO:0009655,MONDO:0010099,0.004,0.015,0.0,0.0,0.019,false,"{""Global developmental delay"",""Seizure""}"
MONDO:0009655,MONDO:0010281,0.004,0.018,0.0,0.0,0.022,false,"{""Childhood onset"",""Global developmental delay""}"
MONDO:0009657,MONDO:0010079,0.004,0.015,0.0,0.0,0.019,false,"{""Hearing impairment"",""Global developmental delay""}"
MONDO:0009658,MONDO:0010726,0.004,0.014,0.0,0.0,0.018,false,"{""Short stature"",""Sleep disturbance""}"
MONDO:0009756,MONDO:0010281,0.004,0.015,0.0,0.0,0.019,false,"{""Muscle weakness"",""Global developmental delay""}"
MONDO:0009757,MONDO:0010281,0.004,0.016,0.0,0.0,0.02,false,"{""Juvenile onset"",""Global developmental delay""}"
MONDO:0010006,MONDO:0010281,0.004,0.017,0.0,0.0,0.021,false,"{""Cardiomegaly"",""Muscle weakness""}"
MONDO:0010079,MONDO:0010281,0.004,0.017,0.0,0.0,0.021,false,"{""Visual impairment"",""Global developmental delay""}"
MONDO:0010079,MONDO:0010674,0.004,0.016,0.0,0.0,0.02,false,"{""Macrocephaly"",""Infantile onset""}"
MONDO:0010079,MONDO:0011758,0.004,0.014,0.0,0.0,0.018,false,"{""Macrocephaly"",""Hearing impairment""}"
MONDO:0010099,MONDO:0010674,0.004,0.016,0.0,0.0,0.02,false,"{""Neurodegeneration"",""Infantile onset""}"
MONDO:0010281,MONDO:0010726,0.004,0.016,0.0,0.0,0.02,false,"{""X-linked dominant inheritance"",""Childhood onset""}"
MONDO:0010679,MONDO:0011758,0.004,0.016,0.0,0.0,0.02,false,"{""Cardiomyopathy"",""Flexion contracture""}"
MONDO:0008647,MONDO:0009260,0.003,0.013,0.0,0.0,0.016,false,"{""Congestive heart failure""}"
MONDO:0008647,MONDO:0010281,0.003,0.011,0.0,0.0,0.014,false,"{""Congestive heart failure""}"
MONDO:0008767,MONDO:0009655,0.003,0.012,0.0,0.0,0.015,false,"{""Intellectual disability"",""Seizure""}"
MONDO:0008767,MONDO:0009658,0.003,0.01,0.0,0.0,0.013,false,"{""Dysarthria"",""Intellectual disability""}"
MONDO:0008767,MONDO:0010679,0.003,0.013,0.0,0.0,0.016,false,"{""Loss of ambulation""}"
MONDO:0008769,MONDO:0010726,0.003,0.013,0.0,0.0,0.016,false,"{""Developmental regression"",""Seizure""}"
MONDO:0009265,MONDO:0009757,0.003,0.011,0.0,0.0,0.014,false,"{""Splenomegaly"",""Hepatomegaly""}"
MONDO:0009591,MONDO:0010679,0.003,0.014,0.0,0.0,0.017,false,"{""Hyporeflexia"",""Hypotonia""}"
MONDO:0009591,MONDO:0010726,0.003,0.01,0.0,0.0,0.013,false,"{""Dystonia"",""Seizure""}"
MONDO:0009656,MONDO:0010079,0.003,0.01,0.0,0.0,0.013,false,"{""Hearing impairment"",""Autosomal recessive inheritance""}"
MONDO:0009658,MONDO:0010099,0.003,0.01,0.0,0.0,0.013,false,"{""Infantile onset"",""Global developmental delay""}"
MONDO:0009658,MONDO:0010679,0.003,0.012,0.0,0.0,0.015,false,"{""Achilles tendon contracture"",""Childhood onset""}"
MONDO:0009757,MONDO:0010079,0.003,0.013,0.0,0.0,0.016,false,"{""Global developmental delay"",""Hypotonia""}"
MONDO:0009757,MONDO:0011758,0.003,0.014,0.0,0.0,0.017,false,"{""Global developmental delay"",""Intellectual disability""}"
MONDO:0010006,MONDO:0010679,0.003,0.012,0.0,0.0,0.015,false,"{""Muscle weakness"",""Hypotonia""}"
MONDO:0010079,MONDO:0017694,0.003,0.011,0.0,0.0,0.014,false,"{""Hearing impairment"",""Hypotonia""}"
MONDO:0010099,MONDO:0010726,0.003,0.012,0.0,0.0,0.015,false,"{""Dystonia"",""Seizure""}"
MONDO:0010099,MONDO:0011758,0.003,0.012,0.0,0.0,0.015,false,"{""Neurodegeneration"",""Global developmental delay""}"
MONDO:0010679,MONDO:0010726,0.003,0.014,0.0,0.0,0.017,false,"{""Scoliosis"",""Childhood onset""}"
MONDO:0010726,MONDO:0011758,0.003,0.011,0.0,0.0,0.014,false,"{""Kyphosis"",""Short stature""}"
MONDO:0008647,MONDO:0009658,0.002,0.007,0.0,0.0,0.009,false,"{""Asymmetric septal hypertrophy""}"
MONDO:0008647,MONDO:0010674,0.002,0.009,0.0,0.0,0.011,false,"{""Congestive heart failure""}"
MONDO:0008767,MONDO:0010526,0.002,0.009,0.0,0.0,0.011,false,"{""Juvenile onset"",""Seizure""}"
MONDO:0008767,MONDO:0010674,0.002,0.007,0.0,0.0,0.009,false,"{""Juvenile onset"",""Seizure""}"
MONDO:0009499,MONDO:0010679,0.002,0.01,0.0,0.0,0.012,false,"{""Childhood onset"",""Hypotonia""}"
MONDO:0009656,MONDO:0010099,0.002,0.007,0.0,0.0,0.009,false,"{""Seizure"",""Autosomal recessive inheritance""}"
MONDO:0009656,MONDO:0010679,0.002,0.006,0.0,0.0,0.008,false,"{""Childhood onset""}"
MONDO:0009757,MONDO:0010526,0.002,0.009,0.0,0.0,0.011,false,"{""Juvenile onset"",""Seizure""}"
MONDO:0010079,MONDO:0010726,0.002,0.008,0.0,0.0,0.01,false,"{""Developmental regression""}"
MONDO:0008767,MONDO:0009756,0.001,0.006,0.0,0.0,0.007,false,"{""Intellectual disability"",""Autosomal recessive inheritance""}"
MONDO:0008767,MONDO:0010726,0.001,0.002,0.0,0.0,0.003,false,"{""Seizure""}"
MONDO:0009265,MONDO:0010079,0.001,0.002,0.0,0.0,0.003,false,"{""Autosomal recessive inheritance""}"
MONDO:0009499,MONDO:0010281,0.001,0.006,0.0,0.0,0.007,false,"{""Childhood onset""}"
MONDO:0009591,MONDO:0010281,0.001,0.004,0.0,0.0,0.005,false,"{""Intellectual disability""}"
MONDO:0009657,MONDO:0010679,0.001,0.006,0.0,0.0,0.007,false,"{""Childhood onset""}"
MONDO:0009757,MONDO:0010679,0.001,0.004,0.0,0.0,0.005,false,"{""Hypotonia""}"
MONDO:0010079,MONDO:0010679,0.001,0.005,0.0,0.0,0.006,false,"{""Hypotonia""}"
MONDO:0010099,MONDO:0010281,0.001,0.005,0.0,0.0,0.006,false,"{""Global developmental delay""}"
MONDO:0010099,MONDO:0010679,0.001,0.005,0.0,0.0,0.006,false,"{""Hypotonia""}"
MONDO:0010099,MONDO:0017694,0.001,0.006,0.0,0.0,0.007,false,"{""Hypotonia"",""Autosomal recessive inheritance""}"
MONDO:0010100,MONDO:0010679,0.001,0.006,0.0,0.0,0.007,false,"{""Hypotonia""}"
MONDO:0010100,MONDO:0010726,0.001,0.003,0.0,0.0,0.004,false,"{""Seizure""}"
MONDO:0010281,MONDO:0011758,0.001,0.006,0.0,0.0,0.007,false,"{""Global developmental delay"",""Intellectual disability""}"
MONDO:0010526,MONDO:0010726,0.001,0.002,0.0,0.0,0.003,false,"{""Seizure""}"
MONDO:0008199,MONDO:0010079,0.0,0.0,0.0,0.0,0.0,false,{}
MONDO:0008199,MONDO:0010679,0.0,0.0,0.0,0.0,0.0,false,{}
MONDO:0008647,MONDO:0008767,0.0,0.0,0.0,0.0,0.0,false,{}
MONDO:0008647,MONDO:0008769,0.0,0.0,0.0,0.0,0.0,false,{}
MONDO:0008647,MONDO:0009265,0.0,0.0,0.0,0.0,0.0,false,{}
MONDO:0008647,MONDO:0009499,0.0,0.0,0.0,0.0,0.0,false,{}
MONDO:0008647,MONDO:0009591,0.0,0.0,0.0,0.0,0.0,false,{}
MONDO:0008647,MONDO:0009756,0.0,0.0,0.0,0.0,0.0,false,{}
MONDO:0008647,MONDO:0009757,0.0,0.0,0.0,0.0,0.0,false,{}
MONDO:0008647,MONDO:0010006,0.0,0.0,0.0,0.0,0.0,false,{}
MONDO:0008647,MONDO:0010079,0.0,0.0,0.0,0.0,0.0,false,{}
MONDO:0008647,MONDO:0010099,0.0,0.0,0.0,0.0,0.0,false,{}
MONDO:0008647,MONDO:0010100,0.0,0.0,0.0,0.0,0.0,false,{}
MONDO:0008647,MONDO:0010726,0.0,0.0,0.0,0.0,0.0,false,{}
MONDO:0008647,MONDO:0011758,0.0,0.0,0.0,0.0,0.0,false,{}
MONDO:0008647,MONDO:0017694,0.0,0.0,0.0,0.0,0.0,false,{}
MONDO:0008767,MONDO:0009265,0.0,0.002,0.0,0.0,0.002,false,"{""Autosomal recessive inheritance""}"
MONDO:0008767,MONDO:0017694,0.0,0.002,0.0,0.0,0.002,false,"{""Autosomal recessive inheritance""}"
MONDO:0008769,MONDO:0010281,0.0,0.0,0.0,0.0,0.0,false,{}
MONDO:0008769,MONDO:0010679,0.0,0.0,0.0,0.0,0.0,false,{}
MONDO:0009265,MONDO:0010281,0.0,0.0,0.0,0.0,0.0,false,{}
MONDO:0009265,MONDO:0010679,0.0,0.0,0.0,0.0,0.0,false,{}
MONDO:0009265,MONDO:0010726,0.0,0.0,0.0,0.0,0.0,false,{}
MONDO:0010079,MONDO:0010526,0.0,0.0,0.0,0.0,0.0,false,{}
MONDO:0010100,MONDO:0010281,0.0,0.0,0.0,0.0,0.0,false,{}
MONDO:0010726,MONDO:0017694,0.0,0.0,0.0,0.0,0.0,false,{}
